Category,Post Engagement Rate
travel,5.511811024
travel,2.169014085
travel,5.121428571
travel,0.4111702128
travel,44.30578512
travel,8.661417323
travel,14.24647887
travel,2.978571429
travel,0.2569148936
travel,2.355371901
travel,5.511811024
travel,2.338028169
travel,0.9857142857
travel,0.310106383
travel,7.82231405